DEGs,GSM1551311_Normal.CEL,GSM1551312_Normal.CEL,GSM1551313_Normal.CEL,GSM1551314_Normal.CEL,GSM1551315_Normal.CEL,GSM1551316_Normal.CEL,GSM1551317_Normal.CEL,GSM1551318_Normal.CEL,GSM1551319_Normal.CEL,GSM1551320_Normal.CEL,GSM1551411_Cancer.CEL,GSM1551412_Cancer.CEL,GSM1551413_Cancer.CEL,GSM1551414_Cancer.CEL,GSM1551415_Cancer.CEL,GSM1551416_Cancer.CEL,GSM1551417_Cancer.CEL,GSM1551418_Cancer.CEL,GSM1551419_Cancer.CEL,GSM1551420_Cancer.CEL
KLHDC7B,7.210344728,7.24021433,7.586962632,7.284183177,7.261647794,7.261684389,7.506162715,7.006239607,7.056150872,6.857738766,7.629561555,7.085160917,7.722555335,7.455834573,7.231842331,7.69156112,7.399073615,7.913454075,8.218197034,7.188823847
BNIPL,10.38576225,10.34273142,10.05882221,10.20316152,11.09130914,10.36338711,10.757073,9.864815178,10.07932302,9.594194944,9.928232163,9.955457697,10.03646448,10.13141683,10.28999273,10.31866681,9.236791356,9.439493056,9.510663535,9.039047517
RPTN,4.779003559,4.759750564,4.620178203,4.837470323,4.652022674,4.675073876,4.682217863,4.470530645,4.687865399,4.334446303,4.404173006,4.504704123,4.549103245,4.567512122,4.494219363,4.577429738,4.386347572,4.518163377,4.439318495,5.151578601
A2ML1,8.921451942,9.419174774,9.231120061,9.746080894,9.195534421,8.491811522,9.375058104,9.322597279,9.112855164,9.702433425,8.51952455,8.971614098,10.02880397,8.995457697,8.822174654,8.630072107,10.51025413,10.80772838,9.944188281,8.228069352
SCEL,6.873902593,6.777892753,6.478943464,6.632942389,7.039773616,6.806071803,7.240371308,7.429926766,7.317306885,6.676347795,6.831310675,6.801213754,7.150338447,6.860456187,7.155215749,6.977990968,6.989651801,7.536968053,7.16916458,6.509193651
THSD4,6.181985364,6.190411109,6.098701065,6.192033512,6.09737989,6.098570968,6.340882724,5.945992354,5.916307603,6.032078007,5.786831254,5.891993555,6.105281165,5.820659114,6.157001237,6.21695002,5.794996582,6.008581186,6.571117375,6.124171234
ANKRD36BP2,8.110502436,7.606943849,6.787931433,7.126544385,8.369306616,5.945842315,5.968978277,9.421930943,7.03350807,8.312571385,6.358387861,6.868888359,8.257812702,8.332309532,6.668399294,6.867353095,9.315583715,9.242929557,7.342883404,6.629433168
FAM83C,5.078789875,4.877803105,5.409121565,5.337997345,4.94109656,4.941272105,6.185149927,4.756744188,4.662455481,5.272192041,4.664678637,5.027431864,4.995955178,4.826472461,6.850159391,4.808079261,5.385156057,4.873220102,4.891557351,5.183337568
PNLIPRP3,8.306251795,8.455184325,7.941482556,8.127205534,8.439818661,8.138784885,8.760075956,7.815268269,7.218761276,8.441851244,7.656104217,7.923798144,8.120902992,8.214788552,8.189297138,8.384260734,7.068424584,7.371857768,8.008884696,7.760020837
GBP6,9.141836837,9.680570959,9.26703817,9.354133283,9.132034251,9.037187414,9.406571191,9.047553814,8.991244297,9.592368252,8.174136026,8.89682107,8.922820573,8.244728863,9.202220026,9.362886122,8.370922124,9.19674348,9.676885885,8.40435693
TMPRSS11B,8.506023944,8.402838716,8.664074532,8.564341627,8.746101023,8.446671634,8.353582474,8.346177889,8.09157699,8.245632352,8.06878782,8.265698211,8.485047457,8.27803224,8.573654004,8.396676211,7.559255262,7.868600214,8.107569919,7.989033204
MTHFD1L,7.055363291,7.621901086,6.940789343,7.28006226,7.314679659,7.140632724,7.904984682,7.002543114,6.863801478,7.321654687,8.557050677,7.027775917,7.68018093,7.547869283,6.850313958,8.019805257,7.25886291,7.797106518,8.507067493,6.436438332
WDR72,10.81222602,11.55597239,11.706096,11.52643112,11.08560367,9.221702574,11.14038394,11.05161208,10.24130407,11.70582326,9.963176106,10.93248245,10.9725906,9.988679535,11.04899936,10.82481693,9.681203268,9.991252053,10.80949044,8.707899918
MPP7,6.706644551,6.618255644,6.493099942,6.462876543,6.610343755,6.895047025,6.570897158,6.38517967,6.382412184,6.519433381,6.596732032,6.525299462,6.563434259,6.813133285,6.484989487,6.335604418,6.50305872,6.708956042,7.466136913,6.261523967
EMP1,6.454719986,6.107739266,6.406380772,6.135860281,6.5242311,6.600680024,6.245333336,5.850245774,8.525771713,5.97925505,6.427787278,6.367983949,6.455359816,6.167863443,6.158542206,6.326389702,6.534377249,8.471565534,6.260993161,6.273344063
HOPX,8.070361054,8.868491849,8.962670031,8.628679928,8.476686102,9.316645201,8.117023271,8.521642519,8.201892946,8.351033852,7.3975665,7.795613591,8.153789343,8.02573902,9.099538206,7.659883722,8.179530459,7.196322039,7.147429995,8.119939424
SPP1,7.516814285,8.061468397,8.187542394,7.865817498,8.117054996,8.026305796,8.044906093,7.637801255,7.311624328,7.762164225,7.192287791,7.568293513,7.448937191,7.391651766,8.05808996,7.841764372,7.251155533,6.977818892,6.904892974,7.043421896
CYSRT1,5.16922704,4.798892807,4.682234021,5.023469782,4.88089567,5.263282149,4.778149678,4.900388611,5.224640947,4.909001403,4.793540315,4.693321544,4.913186272,4.864260208,4.85194716,4.86263898,4.84303444,5.170619771,4.951127567,4.858806691
FNDC3B,5.64784312,5.862761298,5.667783765,5.905197896,5.644182796,6.230996338,5.700880646,5.413645791,5.488799514,5.391780365,5.740670736,5.541633981,5.95653817,5.573564655,5.937406875,5.638487324,5.420774812,4.908046869,6.006124595,5.354704727
EREG,7.029005193,7.325127126,7.44517086,7.479918076,7.182012527,7.244533978,7.258926496,6.896167763,6.608393671,7.151701149,6.587489401,7.172687487,7.407321749,6.924579452,7.457955434,6.929327426,6.774507445,7.095581952,6.818128111,6.854617871
CSTB,6.482114172,6.597491642,6.315873757,6.564314848,6.642283534,6.281845377,6.522644442,6.561882126,6.241818828,6.637183136,5.775790335,6.017836928,6.414071959,6.0576012,6.512552676,6.357988298,6.327738256,6.938435097,6.338110081,5.905822457
LAMA4,7.420112805,6.561685511,6.746044766,6.931690119,6.653661902,6.375366056,7.510560167,7.718141833,7.26215557,6.734230262,7.319503811,6.70146492,7.129664564,7.371087668,6.669961784,6.093265777,6.497945353,7.725975017,7.963464873,6.031586514
NNMT,6.769261871,6.012995926,6.318550952,6.833015686,6.607082205,6.108596111,6.530218039,6.629332056,5.938809752,6.101111312,6.43006638,6.284649912,7.0857727,6.31142343,5.841553422,6.377772263,7.014113072,5.409492792,5.59559958,6.327489127
GBP1,7.428114753,7.471029652,7.372000641,7.098593361,7.697577467,7.473554609,7.48152321,6.885726283,6.890877153,7.023674744,6.904640555,7.173535636,7.586751185,7.300910721,7.667679607,7.388677783,6.790832501,7.047379401,7.28387304,6.608302961
CRABP2,8.376215175,8.286366315,8.267858646,8.26002904,8.039431974,8.375143027,7.895792179,8.437818992,8.221880556,8.687166821,8.397908354,7.818553391,8.165589003,8.065148713,8.332734415,9.409303427,8.991953574,8.218371167,8.736990064,10.40987089
CXCL8,7.156192079,6.335593273,6.531015137,6.876825568,6.884774151,6.551830788,6.627401444,6.375963232,6.495130719,6.500103487,6.732205295,6.721258432,7.005505682,6.65891045,6.930119037,6.698677924,6.452491561,6.495130719,6.592869572,6.200413126
TF,8.029533806,8.081341128,8.413673278,8.315943792,8.566326553,8.48193881,8.368021731,7.898976009,7.817952811,8.104130732,8.186606203,8.155125445,8.360689207,8.322919815,8.253229871,7.925159548,7.841459123,8.344952568,8.015356092,7.767661137
HPGD,6.649117768,6.383417115,6.228112302,6.347993463,6.853525748,6.661957735,6.381143191,6.227300503,5.882738133,6.300435525,6.334718406,6.389661626,6.393913505,6.4519405,6.499040461,6.602355455,5.452834387,6.007795166,6.648005789,6.009394165
ME1,9.402322948,9.088816639,9.258455371,9.549814746,9.623582839,9.4504499,9.347261053,8.683032209,8.87843522,8.613528106,8.785851504,8.89658394,9.24078509,8.916956627,9.153631056,9.32646704,8.492691969,8.714361358,8.849386819,8.460090186
ELOVL6,5.179628298,6.418263987,6.507228586,6.08744718,5.103984828,6.826734706,5.586770224,5.889033843,5.732744296,6.474115034,6.943014865,5.688969949,6.054281881,5.595540702,6.867086966,6.519501602,7.202839065,6.838467023,10.69016015,5.671318771
PPP1R3C,8.133903998,8.040845705,7.930416694,8.034524935,7.857180684,8.145484821,7.900915816,7.428581984,7.49989497,7.852785148,7.22313912,7.122704177,7.548163745,7.408517827,7.616324284,8.170676046,7.486937566,7.824371303,8.10291739,7.86490499
ACP3,7.041038043,7.825170768,9.117521432,7.296505129,7.190413855,7.967905548,7.798891955,8.487091584,8.650852924,8.661656215,8.987698964,8.051904234,8.244283001,7.963118418,6.539583405,8.512438327,9.740136125,10.82686079,9.220646088,9.617480529
IFI44L,4.835713252,4.826907856,4.716607099,4.67247434,4.954024923,4.772696861,4.748440869,4.441507657,4.964857351,4.708102084,4.655964238,4.61404194,4.817972853,4.973515165,5.034872685,5.074626531,4.760930871,4.857930769,5.145835228,5.121040668
CXCL1,7.016664226,6.94118394,6.982675297,6.997887611,7.340309188,7.455614196,7.09330759,6.556153819,6.453169814,7.171851121,6.60896218,6.748060035,7.245354227,6.968377792,7.035509363,7.216306,6.135407688,6.662986735,6.233689873,6.407210943
MMP12,6.812646941,7.20773893,6.712214969,7.406569484,6.127082273,7.202101921,6.651382966,7.455158699,8.032850681,7.481455811,9.426659865,7.201096777,5.678047282,7.972810075,9.972130526,9.44203265,8.495395862,7.877785117,7.059314838,8.221102468
SERPINB2,5.721620312,5.673311998,5.604437355,5.694139063,5.702605841,5.858087046,5.799211213,5.723080385,5.269925518,5.540232111,5.511069265,5.391394035,5.361401982,5.448513998,5.732360309,5.895764518,5.364195665,5.337318741,5.565711621,5.594216822
KRT15,8.219929432,8.296047663,8.426333329,8.221104461,8.337029541,8.320691551,8.61331945,7.817655561,7.954474226,8.006480511,8.09861495,8.077479439,8.584097672,7.989493756,8.366927573,8.661222949,7.844623081,8.437050102,8.943864843,8.756197851
DSC2,4.542751403,4.522406906,4.849857172,4.617810452,4.700894383,4.520583079,4.87303135,4.734114263,4.808540366,4.653068704,4.940607626,4.916666354,4.834889773,4.601139684,4.955599502,4.972465672,5.224591839,5.387830658,4.951692072,5.206473767
MAL,7.199121574,7.554559045,7.644995861,7.405998719,7.456298248,7.443412557,7.319503811,7.200137459,6.806949741,7.203441626,8.266047451,7.016946611,6.825217577,6.911239219,7.132015249,7.327063695,6.535659854,6.448636665,6.653987191,6.746324071
MLF1,6.122484677,6.319101052,6.349196072,6.361048333,6.617053977,6.707117064,6.449610111,6.377969753,6.208762415,6.352823051,6.132238976,6.393553652,6.830126698,6.619997062,6.531298116,6.503834948,6.603934643,6.537074453,6.944856482,6.448498931
INHBA,4.291985278,4.091716619,3.866438575,3.74867626,4.233573355,3.665334387,3.997050341,4.209613776,7.027139874,4.220665205,4.539168469,4.85194716,5.673540316,4.317294694,4.315682505,3.880155973,6.237047126,8.185466808,8.15742451,4.108070785
FGFBP1,5.502193249,5.603055088,5.265170602,5.495049518,5.41081977,5.429947883,5.595494718,5.556579804,6.577646554,5.646985866,5.510187198,5.337202844,5.81862583,5.601480138,5.592020547,5.506739574,5.68650488,6.030900595,5.996596761,5.501260402
SPRR1B,6.059032319,6.166532508,6.351343994,6.412476351,6.196000526,6.138488979,5.995428223,5.886389096,6.697840077,6.082215777,6.620681641,6.606473118,5.778137757,6.330940397,6.324686729,6.877148292,7.660168759,6.565575481,5.731834219,6.252141056
KRT17,6.441392106,6.736762814,6.152808861,5.60695266,5.819593652,7.161618187,6.3490913,6.084425118,6.676616273,6.422733411,6.825311117,7.125367117,6.151115839,6.819720784,7.178883874,7.423551782,6.990204028,6.350192533,6.157390875,7.979627304
SPINK5,8.059132027,7.516225282,7.345880224,7.465306034,7.423635703,8.144613559,7.500910215,7.478234723,7.567169072,7.567400427,7.36420462,7.720110501,8.041842593,7.367810408,7.6488697,7.605205806,7.651579103,7.022859949,7.937019797,8.061931123
ESR1,6.168642498,6.195103897,5.833003367,6.208423155,6.59474148,6.514698116,6.656280999,6.042012159,6.66901668,5.98854894,7.327876684,6.338630817,7.188852583,8.068624861,6.424656596,6.304262872,7.689907168,6.434379452,6.698677383,7.441234714
BBOX1,7.352759245,7.204176533,7.136162097,7.148277825,6.46881243,7.356230939,6.05245339,7.650200893,7.246683783,7.82920451,8.025586806,6.493358374,6.716005079,6.48843417,8.010796529,6.879148967,8.545654163,8.283813546,7.10244878,7.415627203
IL1R2,7.109554952,7.19226297,7.34188189,7.493191016,7.31185565,7.363417717,7.249410102,7.578663273,7.795247043,7.228750382,7.375233451,7.433754185,7.463856623,7.460058971,7.554696461,7.396033338,7.468514175,7.728377897,7.8226456,8.059758848
KLK11,6.952848827,6.887411135,6.680497157,6.842099881,6.434007542,6.886157261,7.029028765,7.581079177,6.392539923,7.339505267,7.148820752,6.834237633,5.340036757,6.444656068,6.891973706,6.422246998,7.075268286,6.430825386,5.814135296,8.356116214
TCN1,4.859274628,5.508719418,5.704334846,5.075360449,4.917006448,5.443038996,5.04110394,5.138200231,5.244949533,5.294436867,5.016670146,5.129240283,5.241269697,5.195932976,5.303586052,5.034042022,5.933046469,5.758281057,5.401743134,5.961842126
SULT2B1,7.285157761,7.482135695,7.297241896,7.661465891,7.703592289,7.473021166,7.221669013,7.371731682,6.940305136,7.076425024,6.816724549,7.482607733,8.011028878,7.598522006,7.60495002,7.091432087,8.152463912,8.01181717,7.013260597,7.044807628
GREB1,5.246579194,5.906060399,5.943936138,6.557192843,6.349290849,6.012958692,5.591110524,6.40636681,5.308487655,5.514131989,5.258995612,6.5585198,7.260084545,5.895891203,5.802662576,4.605495798,8.30461439,6.72859812,4.667284414,6.302063254
S100A12,4.531643389,4.712352397,5.048812471,4.730413949,5.229234082,4.820311906,4.881089631,5.248591793,4.956932387,4.846989594,5.0619887,5.522312818,5.194055245,5.12987752,4.517594588,4.670805965,6.208303263,5.305534987,5.101713333,5.047949072
KRT1,5.550486429,5.581617436,5.64506379,5.508296042,5.789820008,5.721561141,5.646435339,5.144669808,5.153385072,5.554034651,5.305024742,5.211760641,5.531760306,5.370599152,5.463651938,5.456111932,4.990981917,5.158456471,5.378600289,5.369802762
TGM3,4.287312894,3.917631937,4.10553828,4.031399372,4.667007368,4.358605937,4.07124108,3.83747987,4.015084863,3.974892602,4.00404405,3.924175111,4.087468184,4.088154584,4.099053557,4.22874844,3.636561079,4.167115776,4.160282676,4.058557096
TGM1,4.489260403,4.201472118,4.312867236,4.247172317,4.280508394,4.448462237,4.216951772,4.16724822,4.005045791,4.370605062,4.20180637,4.218915852,4.28458913,4.248576488,4.304845143,4.255126673,3.865610136,4.682241627,4.177767507,4.914703962
NMU,4.354959049,4.292108458,4.038031636,4.021021841,4.189440059,4.798701187,4.333689397,4.412038907,4.103593453,4.160346939,4.260768239,4.167589219,4.055584936,4.540144066,4.718811654,4.140791596,4.617985966,4.467098372,4.442812496,4.322804258
CLCA2,7.292003514,7.093227601,6.750374786,6.76057344,7.235462897,8.216503297,7.108553843,7.817896878,7.349846923,7.70022763,7.49241243,7.301222647,7.35840448,7.389337315,8.478560591,7.248925345,8.056826579,8.182341852,6.994797821,7.282572542
LY6D,3.476940737,3.49433532,3.636368487,3.457600695,3.341442471,3.790318113,3.490942404,3.59881529,3.491426873,3.449840329,3.369228071,3.417602336,3.482490112,3.401579774,3.401917675,3.493826385,3.571919745,3.461398222,3.419208698,3.892438335
IL18,7.585439551,6.873153826,6.979741613,7.007822311,7.330000666,7.287108993,6.68308641,7.167649933,7.101370923,6.748595549,6.627956321,6.639541113,6.808804493,6.839643386,7.026860815,6.706049453,7.250920929,6.789674788,6.785557065,6.97928645
SOCS3,5.683703044,6.0271912,5.960402834,6.053193996,6.442676517,6.216432815,6.45297781,5.975383998,5.653594836,6.124163624,6.781682712,6.074320376,6.140063111,5.915764745,5.993334253,6.890192306,8.223076916,7.445174762,6.811397592,6.085066637
AIM2,5.772470982,6.592519599,6.392291761,6.970420715,5.332340712,7.168620365,6.308512484,7.03774981,6.693000066,6.530835627,6.479230351,6.721193888,6.540929145,6.009579559,6.740502429,7.293552641,7.699460604,6.505614311,6.565115173,8.096649916
SYCP2,6.712691918,5.238567638,5.738933409,5.953143847,5.413971379,4.515007631,5.196651357,4.790227196,4.764597613,5.014484708,5.177629406,5.458461673,5.435314853,4.833892443,5.361053551,5.804159233,5.340830991,4.270976144,4.331721125,4.067258474
AKR1B10,9.285768382,9.278093261,9.390878942,8.951835085,9.321086347,9.27164527,9.124537848,8.836466942,8.985392127,8.998786144,8.498347004,9.263798753,9.363149891,9.15947614,8.879156562,9.107932899,8.152360147,8.462131098,8.84451098,8.150800492
ENDOU,6.718385576,6.584775076,6.922641448,6.721326821,6.365028178,7.036149939,6.298964246,6.973004839,6.552498158,6.768687791,6.318761618,6.254113747,6.916657698,6.499727354,6.641089475,6.389107115,6.081481582,6.047516799,6.380714915,6.772645089
DSG1,8.280080174,8.12803985,8.047573242,8.243368208,8.45084305,8.456654704,8.364137531,7.771030921,7.715680338,7.810963334,7.878961608,8.270467403,8.225852915,8.042515562,8.408076775,8.259753916,7.434020435,7.664582977,7.675658951,8.016309283
CXCR2,6.667336986,6.565217164,6.281268339,6.507550804,6.598788677,6.239734683,6.417203995,5.650203347,6.406540169,6.238606817,5.816672467,5.989120878,6.402792651,6.477431253,6.808698999,6.427287548,5.467423325,6.598196402,6.442063162,5.973689705
SLC16A6,7.362612157,6.807994039,7.206082463,7.096448379,7.204544971,6.891163209,6.870461639,6.299813456,6.400378265,6.797443432,6.726122595,6.85038695,7.273015187,6.757277252,7.317936663,6.991458202,6.320775624,6.258824166,6.723485786,6.369415448
CDKN2A,6.907227858,6.948691452,6.714620144,6.862590925,7.397921062,6.99960394,6.785232523,6.826497822,6.88026161,6.685514884,6.624959752,6.803663508,6.846396169,7.059481646,6.914654279,6.956017061,6.430532086,6.587432053,7.430359383,6.629113843
ALOX12,5.794892921,6.136605001,6.44071948,5.80249478,5.663665881,6.090370455,5.993546465,6.737465179,7.644830821,6.266236656,6.473386739,6.576861563,6.35313806,6.20285045,5.872702716,6.132728655,7.204739107,7.204106545,6.833585432,6.665980088
HOXD10,6.396240596,6.463184581,6.022625512,5.713666877,5.998004839,6.60468992,6.459094491,6.057789035,6.878021626,6.657973592,6.370558643,6.839311811,5.164962541,6.641462321,6.296473682,6.546446309,7.214976298,5.738889378,5.987196389,7.586276971
TMPRSS11D,6.768896647,6.63221523,6.955683165,6.390549013,7.067913529,6.785571208,6.324319795,7.127084179,7.497964497,7.526749075,6.669194141,6.793852027,6.160871707,7.155154447,6.012775681,6.460586139,7.999529321,7.212829842,7.230680193,7.224826381
LORICRIN,8.403231205,8.055636411,8.124237332,8.060732775,8.801339344,8.304023004,8.119041648,7.992301843,7.644633308,7.702951138,7.900572919,7.997249966,8.439781159,8.189317375,8.264086998,8.180459793,6.999687295,7.76715355,7.895775155,7.605560688
CRISP3,6.00743752,6.159524673,6.354326778,5.919386516,6.239752021,6.503304215,5.994100022,5.918463018,5.871855769,5.741451185,5.633034319,5.909625134,6.292634793,5.777567414,6.019365282,6.038508027,5.57879527,5.64698766,5.747443188,5.743843684
KRT13,7.394900163,6.735949557,6.788517879,7.168789651,6.86968009,6.993563887,6.428152311,6.773137261,6.341248596,6.357502451,6.296655374,6.355374032,7.084855103,6.751724221,6.819571033,6.933121187,5.533088348,6.347745922,7.104368281,7.173677893
CYP2C18,7.832658496,6.965847537,7.246619946,7.345469418,7.520902619,7.3548597,7.007192176,6.542213179,6.619822519,6.597302999,6.433204984,7.014050096,7.05515553,7.102480558,6.923566427,7.285773492,6.110070528,6.572365597,6.860901444,6.736520649
EDN3,4.375941117,4.329960045,4.263011409,4.672190905,4.374475172,4.300694046,4.476822969,4.151200031,4.121612247,3.979924791,4.483425431,4.032364979,4.713337224,4.197477999,4.489750788,4.289254338,3.83391235,4.195572075,3.872772066,4.198772454
ELAVL2,5.601288656,5.328609113,5.420962124,5.656135392,5.440746979,5.721355009,5.670228021,5.777540811,5.488919868,5.0244069,5.718591864,5.66562653,5.317625856,6.065223381,5.552873754,5.539724208,5.715690966,5.443593614,5.246549528,5.377113026
CD24,7.749607237,7.542520253,8.337669704,7.836120003,8.089467269,7.476467717,7.994202141,8.056608702,7.264873039,7.560560524,8.362370961,8.072670016,8.620198918,8.199879389,7.37261002,7.803385582,8.172410351,7.890819134,8.63976085,8.202051414
KRT6B,7.238750481,6.792477698,6.951571881,6.721435429,6.706683725,6.6702875,6.906456362,6.649235754,6.601594474,7.156636233,6.632434292,6.516195888,7.100851323,6.58436325,7.231445987,7.672977346,6.635561241,6.512884718,6.437368319,6.177391151
NDRG4,7.075257998,5.726046977,4.428766637,7.772892005,5.317095951,5.727479162,4.299941673,6.354326778,5.343171319,7.848987966,6.029936392,5.132008673,6.014651877,5.175096399,10.22852145,4.444671266,6.246174195,4.711524688,4.397208846,5.751808862
AKR1C3,5.516278176,5.188302072,4.599493384,5.252436536,4.854876909,4.79985087,4.860932941,4.643260624,4.81747983,5.543315134,4.762170278,4.717305641,4.93680423,4.649426879,5.539975402,4.654924305,4.286125397,4.376436829,4.784388629,5.011293247
CXCR4,4.829125295,4.541129933,4.771714841,5.136732025,5.216596842,5.480561775,4.808342058,4.53919117,4.381315928,4.43897231,4.615056641,4.761628208,4.885975657,4.995246061,7.753070931,5.307516031,4.434920788,4.376676894,4.600999496,4.962483573
CRYAB,7.062729407,6.521716102,6.732621861,6.320940997,6.538299927,5.918667183,6.405516134,6.571050237,6.549263467,6.950921914,6.446077914,6.644347528,6.132297154,7.920119222,6.64718287,6.778433797,7.21831695,6.614075468,5.970266236,6.255565972
MALL,3.718319679,3.707575432,3.582478577,3.505998015,3.682823173,3.631701959,3.556024568,3.617434656,3.619506909,3.670056313,3.577579066,3.62192932,3.706022751,3.631701959,3.619669919,3.54250133,3.619625097,3.65193034,3.588336392,3.561027966
NSG1,5.420360758,3.987658125,4.25398282,3.936984713,3.988048552,4.333197306,3.919256883,4.12082691,3.744343611,4.73839339,3.881253123,4.102659202,3.909504494,4.03239451,3.976216916,3.939896707,4.082897203,3.931699003,3.885483606,4.042763816
AKR1C2,6.044139332,6.062115967,6.345167567,6.385304516,6.706812221,6.864022969,6.451436586,6.404836886,6.567954997,6.219319964,6.458871083,6.560808465,5.894752695,6.885997629,6.271903774,6.443561839,7.517827716,7.438392285,6.485397849,7.43895305
CALML3,9.75393865,9.463319346,9.789462011,9.631321675,10.01807476,9.640650579,9.75275195,9.287170868,9.412486689,9.331836682,9.557787145,9.423556481,9.536453481,9.696203772,9.581600382,9.685604183,8.961442196,9.54508144,9.659339963,9.184746505
CRISP2,6.109977592,6.618683805,5.503811167,6.244377144,6.130019588,6.374768708,6.442145559,5.990245998,10.3625307,6.024326551,6.396690559,7.164625878,6.151586553,6.460840143,6.388455647,6.322249707,7.429122217,9.19499227,7.022185333,6.485333496
DEFB1,3.710006775,3.6740253,3.883789446,3.890737723,3.886390564,4.331093152,3.788530897,3.773030887,3.764094861,3.828606937,3.540903263,3.652214745,3.760866043,3.504784522,3.820854007,3.722834433,3.625447664,3.615813532,3.749096685,3.937687058
SERPINB13,4.219036177,4.028343203,3.895958868,3.790095495,4.133996455,4.14864201,4.055665036,3.710069315,3.623380437,3.894543006,3.904988712,4.117419607,4.184780351,4.042882401,3.993656379,3.978563629,4.136742058,3.828576613,4.039750207,3.943014139
FMO2,7.877955514,7.412774541,7.397626268,7.753950441,7.454382766,7.572606311,7.05622864,7.040407817,7.175788773,7.023191776,7.273685856,7.609234342,7.662082818,7.646017517,7.41522754,7.578082481,6.921364662,7.113621721,7.931687232,7.860724908
SERPINB1,6.46759027,6.42212156,6.399718669,6.170411753,6.244172984,6.873309532,6.297112262,6.090293258,6.19514253,6.010495799,6.010716029,6.075500659,6.513960592,6.413845672,6.332268243,6.332236335,6.029971898,6.371733211,6.198967624,6.122465124
KRT4,5.245329632,5.453024338,4.721272701,4.984770621,6.10148416,5.67009625,5.427107617,4.920332146,5.392673061,5.131043441,5.38086244,6.048388396,5.373003922,6.227482643,5.49714903,5.126567511,6.939283468,4.67912147,5.105664362,4.948885392
SOSTDC1,6.82148292,7.017261672,7.341015264,7.075497798,6.846059463,7.013209515,7.210905814,6.832390859,6.762910718,6.748595549,6.653888154,6.974551814,7.127114142,6.81181309,7.020289527,7.10491706,6.711737692,6.394693886,6.968581187,6.893242929
SPRR1A,4.101669871,4.16019047,4.002042694,4.647837659,3.881501226,4.703854636,4.313757717,3.976259907,3.766826797,4.171122972,3.61570383,4.070627792,4.117417929,3.879845938,3.921018783,3.813787076,4.16244605,3.80853489,3.939953334,4.307806852
IFI44,6.645646199,5.167457568,4.208852849,7.190723894,4.966787427,6.531584421,5.217785163,5.205119361,4.890823059,5.69495891,4.353009646,4.648625852,4.553107853,4.598947005,4.49094478,4.343758197,4.997026857,5.293351501,4.818282087,4.904755911
IVL,5.193176497,5.387949096,4.934075583,5.037811334,4.862245237,4.737638176,5.315218539,4.692537546,4.547822185,4.924458002,4.374316203,4.572298241,5.19084947,4.556523949,5.009062956,4.793932379,4.814047028,4.421458946,5.263831438,4.764394599
GYS2,4.102899296,3.981482793,4.024236614,3.901360688,4.017911269,4.059039381,3.89851342,4.043796217,3.959705974,4.043569273,4.076807377,4.050834917,3.867730318,4.037009849,4.041686777,3.942057589,3.92540933,4.003984452,4.106468644,4.226692938
UPK1A,4.121601552,3.937962358,3.862423617,3.852554753,4.310965809,4.043171129,3.806895672,3.913389928,4.039098532,4.183166104,3.83974329,3.84828861,4.1149105,4.057764567,4.175555375,3.974259748,4.541151377,3.944256694,4.230118614,4.067354487
TTC22,9.249815012,9.167561907,9.101870806,9.335044465,9.469561885,9.139844647,9.421558127,8.819532433,9.018240869,9.070109761,8.900641682,9.161721747,9.34775582,9.2348893,9.225736531,9.249171648,8.491210084,8.820879929,8.622807619,8.651994663
FLG,5.865016261,5.852280932,6.186932011,5.990466047,6.174117674,6.213584051,5.902830704,5.755983842,5.872250207,5.963001661,5.890771328,5.785574867,6.028669778,5.871463256,5.814166332,5.931634213,5.535676191,5.779698296,6.020001386,5.965366732
CXCL14,4.004275002,4.144350886,4.486185713,4.074476771,4.38014662,4.499433712,4.125479681,4.150355884,3.946354068,4.113708974,4.490864603,4.596547591,5.110635669,4.721559472,5.393548469,4.016034268,5.975994251,4.728683337,5.54228011,4.487834319
ATAD2,4.829698756,5.061696828,4.966544227,4.990092234,4.789812369,4.708010426,4.923574747,4.62840695,4.662980645,4.787519305,4.494040441,4.786386545,4.915263323,4.62840695,4.906684484,4.936509241,4.518732055,4.475501779,4.661912692,5.014594417
SPRR3,6.777917462,6.320742128,6.401264479,6.432849259,6.672747693,7.043273395,6.449610111,6.474828098,6.499165283,6.608280406,6.215348573,6.518452876,6.685201184,6.552979339,7.070257659,6.563864639,5.990466047,6.639578392,6.664205036,6.767131584
RNF128,4.599180981,4.634515462,4.741335469,4.38335005,4.617039668,4.832791604,4.469264484,4.327723924,4.531915187,4.421358456,4.446251335,4.76107083,4.812054806,4.913466831,5.300208045,5.007772322,4.630496869,4.638131757,4.687901568,4.505297621
TMEM40,5.227350226,5.324478331,5.110637343,5.282757928,5.210465405,5.727491977,5.143466985,4.965560581,4.907738546,5.208481853,4.918073875,5.186960863,5.54368277,5.03480753,5.479045963,5.394772717,4.803679984,4.903720104,5.118133213,5.183023861
CLIC3,7.191281666,6.730505311,6.737681255,6.997304102,7.118650186,6.964515554,6.747570933,6.08872659,6.518879539,6.309063891,6.763723843,6.700263052,6.728043694,6.855378471,7.11162059,6.956930194,5.871541767,6.290057126,6.946528333,6.621791461
RHCG,5.165574599,4.896692863,5.536334404,4.990978835,5.410164152,5.019246848,5.243569212,5.002603317,4.508280429,5.307841463,4.695515216,4.920060413,4.99143639,5.071995761,5.262894653,5.223780681,4.649151696,4.677619801,4.705646992,4.783021686
ZNF750,8.392774302,8.027429039,8.341783809,8.397563081,8.359227076,8.497444604,8.326252933,8.183042939,7.758984488,8.265728754,8.126836295,7.863179494,8.153140735,8.128489371,8.195532227,8.170238336,7.386639539,7.388912338,8.150769125,8.408799815
CLCA4,7.490200182,7.486628763,7.857426496,8.266466856,8.16079917,7.854082788,7.861343405,7.575247007,6.996976488,7.544799618,7.579229335,7.709492824,8.392881404,7.722794257,7.703023584,7.681048329,7.327886185,7.328484587,7.439281465,7.237743861
CRNN,9.767921919,9.583588477,9.626009427,9.646882429,10.95314731,9.839363188,9.769407179,9.689927705,9.415447536,9.69522024,9.746165822,9.265619587,9.548101266,10.05208661,9.571385349,9.973150921,8.848349375,9.029077823,9.186864821,9.28486404
TMPRSS11E,5.375221402,5.368204783,5.411191862,5.372970196,5.452774982,5.252134356,5.546778639,5.110255222,5.096122096,5.01636919,5.028757169,5.243044305,5.292614846,5.456148167,5.307794026,5.359567043,4.77757804,4.837482862,5.089282159,5.119929331
CRCT1,5.876414798,5.651657044,5.829187711,5.633382097,6.175089143,5.489254449,5.72384887,5.295145898,5.24171505,5.299736429,5.429922739,5.543753769,5.852460623,5.659845913,5.903541226,6.06266076,5.28453358,5.251446184,5.538094345,5.636512297
CWH43,7.444219797,7.107102814,7.209866715,7.305256822,7.457151548,7.370767764,7.388526886,6.782713956,7.009357091,7.119862637,7.113461115,7.036903002,7.235345352,7.276335528,7.462367782,7.575953325,6.559985209,6.794430481,7.11741818,7.348307742
GJB2,3.985627953,5.220072536,4.471407539,4.459091234,4.448113232,4.293552537,5.005638471,5.316050412,6.287678619,5.290811873,5.701373606,5.928816179,4.596736549,5.532589471,4.780475631,5.463262128,6.014701512,5.576931535,4.716431169,4.976868062
ZIC2,6.673649649,6.805800801,6.618316738,6.513924449,6.46154897,6.573354857,6.571417356,6.085334302,5.89296931,6.155393593,5.804268147,6.257290276,6.487165606,6.150803854,6.550606969,6.465147342,5.804818064,5.956453996,5.768328304,6.191787652
SPINK7,8.313147249,7.786668769,8.110751231,7.924866776,8.229082598,8.094383141,8.010727998,7.796760068,7.531908724,7.865578201,7.880055768,7.678507646,8.169431022,8.137864867,8.14653015,7.91409697,7.121096279,7.545398752,7.511773148,7.763789087
LCE3D,5.459142223,5.159982871,5.631278532,5.08588515,5.504423723,4.877172383,5.068743156,4.986449088,4.58899911,4.833761943,4.823210865,5.057994737,5.135434611,4.789695697,5.193792808,4.975238487,4.648346662,4.820609274,5.051958662,4.942761934
CNFN,7.848521215,6.76214348,7.369323211,7.029005193,7.554258508,7.624964325,7.300067818,6.474305993,6.470425696,6.560432527,7.497523683,6.758436481,7.361735522,7.252341264,7.07756261,7.232323381,5.649468211,6.449142984,8.36054483,7.708947352
CTHRC1,8.113798002,7.801642945,7.761500984,8.084231271,8.42013722,8.16841839,8.181475884,8.004840542,8.516543103,8.11867792,8.085968196,7.7508418,7.925335371,8.095173007,8.022206813,8.212063813,7.060029013,8.409483523,8.509236564,7.888200174
TMEM45B,4.733423238,4.511838162,4.675938971,4.434239821,4.63765211,5.443325259,4.544628816,4.426423863,4.588340577,4.539620969,4.201319256,4.583131588,4.906651267,4.665843453,4.789537421,4.558629707,4.372158204,4.703170925,4.921400866,4.694396833
DMKN,6.338806413,6.166249155,5.84105883,6.359084025,6.074747688,6.985946288,6.191599431,5.539084082,5.951527619,5.85108279,5.676262262,5.718870102,6.129982955,5.868019415,6.090713992,5.938953813,5.462854686,5.732934761,5.777410318,5.652335949
FAM3B,9.866324679,10.40804846,10.44450838,10.73342671,9.867853415,10.91321991,10.39273146,10.32762346,10.76372143,10.72147095,10.83954623,9.840611425,10.05664903,9.392103871,10.14173106,10.45054685,11.25337794,10.83426743,9.099037718,10.81083982
MUC15,4.376980196,4.352419155,4.954860478,4.168842655,3.856234635,4.318757179,3.925834135,4.580735156,4.394699111,4.960753207,4.292023862,3.772877861,3.783257478,4.121614128,4.383557697,4.320558185,3.924440527,4.05038769,5.481987598,5.893616728
GPR15LG,3.724322455,3.425700446,3.501723925,3.542401706,3.652715332,3.777259362,3.551284949,3.566207086,3.505153395,3.388989822,3.411599181,3.550209474,3.471631959,3.476105623,3.672190399,3.677425651,3.524813617,3.650157185,3.77420658,3.876496428
DAPL1,7.502546564,7.89239044,7.702468702,7.702998432,7.874350129,7.664623986,7.914941697,7.293497072,7.569368732,7.782747736,7.519491784,7.537116443,8.211534015,7.730576675,7.771391282,7.685908249,7.152094475,7.636532729,7.217784723,6.880831533
GALNT5,5.220771271,5.270628401,5.111897388,5.317773281,5.01036597,4.924121151,5.382338356,4.682421286,5.113877444,5.038020634,4.751083418,5.21219347,5.184547682,4.931802742,5.205461617,5.140105415,4.922773304,5.065409965,5.106938622,4.847614851
TPRG1,7.321937513,6.597491642,6.959486413,6.700026085,6.969060839,6.687679791,6.714242313,6.71200314,6.867115863,6.632300181,6.566999134,6.77560749,7.150893884,6.654764495,6.787870598,6.739580397,5.98099402,6.309257383,6.816809771,7.201501224
KRTDAP,4.236137988,3.845235639,3.928713281,4.080628721,4.058274907,4.124235264,3.846049034,3.678033966,3.656574973,3.797309049,3.809938306,3.956477277,3.909416659,3.924533643,4.07210791,4.007188586,3.740970748,3.761927758,4.048896213,4.351570526
ABCA17P,5.151318096,5.27641554,5.291771669,5.130682495,5.170094011,5.204213778,5.348312607,5.232526574,4.951251166,5.233635908,5.026831713,5.082568955,5.50522454,5.087318119,5.10609632,5.149144552,5.308167031,5.132255518,5.456179255,5.077327263
GJB6,6.561711857,6.654361733,6.511479805,6.742277401,6.640517486,6.828288214,6.496229047,6.608132318,6.567994553,6.566198723,6.585894809,6.545134044,6.622319419,6.768288471,6.692657018,6.619417648,6.568206052,6.584865394,6.354949501,6.587181212
GRHL3,6.339617752,5.991394192,6.017589021,6.051598219,6.440899898,6.154125094,6.101503626,6.080793733,5.865681035,5.881042845,6.048413043,5.839964963,5.926138026,6.087828274,6.179627186,6.225154674,5.627674386,5.972795518,6.039739839,6.05321718
SPAG17,5.475419888,5.318274209,5.411340148,5.294567799,5.384189186,5.560603627,5.345134071,4.914162685,4.994899657,5.157677933,4.863273226,5.135204851,5.575263625,5.10080782,5.66355921,5.120596257,4.660195443,4.946959223,5.134008529,4.975429563
SBSN,8.147922805,7.898265582,7.382005487,7.913381545,8.056099496,8.195404891,8.106507109,7.336158124,7.332642358,7.32238568,7.627793223,7.814065507,7.806067214,8.116897415,8.03164179,7.940942536,6.908223246,7.039085706,7.524465722,7.829133057
VSIG10L,5.62345209,5.476744309,5.978321367,5.793307584,5.54007942,5.540475965,5.651379816,4.880498298,5.536153151,5.18270596,5.530683326,5.532325359,5.824901952,5.566561607,5.729726376,5.510242566,5.095912628,5.195495252,5.519014741,5.635450216
AADACL2,5.12796669,4.613649291,4.860971702,4.495390721,4.784043506,5.560694576,4.832719853,4.632387651,4.585369149,4.5110187,4.592994319,4.874030432,4.99509025,4.892392341,4.978971595,4.861585139,4.44652018,4.949183569,5.169928019,4.797564077
RDH12,5.956269708,5.704146399,6.437655933,5.942801421,6.241855205,6.679737988,6.095858843,5.620834274,5.577692348,5.890358871,5.737515379,5.529003952,5.884038922,6.031468669,5.819472539,5.93629827,6.451179598,5.828628871,5.606520436,5.534204302
SFTA2,5.836179991,5.440823112,5.569430043,5.748964428,5.47003144,5.660573567,5.65790989,5.250456043,5.373411145,5.313523444,5.518501594,5.504872292,5.372335037,5.440268318,5.703431988,5.679097795,5.099222862,5.472577817,5.815933339,5.692130309
