"Symbols","A2ML1","AADACL2","ABCA17P","ACP3","AIM2","AKR1B10","AKR1C2","AKR1C3","ALOX12","ANKRD36BP2","ATAD2","BBOX1","BNIPL","CALML3","CD24","CDKN2A","CLCA2","CLCA4","CLIC3","CNFN","CRABP2","CRCT1","CRISP2","CRISP3","CRNN","CRYAB","CSTB","CTHRC1","CWH43","CXCL1","CXCL14","CXCL8","CXCR2","CXCR4","CYP2C18","CYSRT1","DAPL1","DEFB1","DMKN","DSC2","DSG1","EDN3","ELAVL2","ELOVL6","EMP1","ENDOU","EREG","ESR1","FAM3B","FAM83C","FGFBP1","FLG","FMO2","FNDC3B","GALNT5","GBP1","GBP6","GJB2","GJB6","GPR15LG","GREB1","GRHL3","GYS2","HOPX","HOXD10","HPGD","IFI44","IFI44L","IL18","IL1R2","INHBA","IVL","KLHDC7B","KLK11","KRT1","KRT13","KRT15","KRT17","KRT4","KRT6B","KRTDAP","LAMA4","LCE3D","LORICRIN","LY6D","MAL","MALL","ME1","MLF1","MMP12","MPP7","MTHFD1L","MUC15","NDRG4","NMU","NNMT","NSG1","PNLIPRP3","PPP1R3C","RDH12","RHCG","RNF128","RPTN","S100A12","SBSN","SCEL","SERPINB1","SERPINB13","SERPINB2","SFTA2","SLC16A6","SOCS3","SOSTDC1","SPAG17","SPINK5","SPINK7","SPP1","SPRR1A","SPRR1B","SPRR3","SULT2B1","SYCP2","TCN1","TF","TGM1","TGM3","THSD4","TMEM40","TMEM45B","TMPRSS11B","TMPRSS11D","TMPRSS11E","TPRG1","TTC22","UPK1A","VSIG10L","WDR72","ZIC2","ZNF750"
"GSM1551311_Normal.CEL",8.921451942,5.12796669,5.151318096,7.041038043,5.772470982,9.285768382,6.044139332,5.516278176,5.794892921,8.110502436,4.829698756,7.352759245,10.38576225,9.75393865,7.749607237,6.907227858,7.292003514,7.490200182,7.191281666,7.848521215,8.376215175,5.876414798,6.109977592,6.00743752,9.767921919,7.062729407,6.482114172,8.113798002,7.444219797,7.016664226,4.004275002,7.156192079,6.667336986,4.829125295,7.832658496,5.16922704,7.502546564,3.710006775,6.338806413,4.542751403,8.280080174,4.375941117,5.601288656,5.179628298,6.454719986,6.718385576,7.029005193,6.168642498,9.866324679,5.078789875,5.502193249,5.865016261,7.877955514,5.64784312,5.220771271,7.428114753,9.141836837,3.985627953,6.561711857,3.724322455,5.246579194,6.339617752,4.102899296,8.070361054,6.396240596,6.649117768,6.645646199,4.835713252,7.585439551,7.109554952,4.291985278,5.193176497,7.210344728,6.952848827,5.550486429,7.394900163,8.219929432,6.441392106,5.245329632,7.238750481,4.236137988,7.420112805,5.459142223,8.403231205,3.476940737,7.199121574,3.718319679,9.402322948,6.122484677,6.812646941,6.706644551,7.055363291,4.376980196,7.075257998,4.354959049,6.769261871,5.420360758,8.306251795,8.133903998,5.956269708,5.165574599,4.599180981,4.779003559,4.531643389,8.147922805,6.873902593,6.46759027,4.219036177,5.721620312,5.836179991,7.362612157,5.683703044,6.82148292,5.475419888,8.059132027,8.313147249,7.516814285,4.101669871,6.059032319,6.777917462,7.285157761,6.712691918,4.859274628,8.029533806,4.489260403,4.287312894,6.181985364,5.227350226,4.733423238,8.506023944,6.768896647,5.375221402,7.321937513,9.249815012,4.121601552,5.62345209,10.81222602,6.673649649,8.392774302
"GSM1551312_Normal.CEL",9.419174774,4.613649291,5.27641554,7.825170768,6.592519599,9.278093261,6.062115967,5.188302072,6.136605001,7.606943849,5.061696828,7.204176533,10.34273142,9.463319346,7.542520253,6.948691452,7.093227601,7.486628763,6.730505311,6.76214348,8.286366315,5.651657044,6.618683805,6.159524673,9.583588477,6.521716102,6.597491642,7.801642945,7.107102814,6.94118394,4.144350886,6.335593273,6.565217164,4.541129933,6.965847537,4.798892807,7.89239044,3.6740253,6.166249155,4.522406906,8.12803985,4.329960045,5.328609113,6.418263987,6.107739266,6.584775076,7.325127126,6.195103897,10.40804846,4.877803105,5.603055088,5.852280932,7.412774541,5.862761298,5.270628401,7.471029652,9.680570959,5.220072536,6.654361733,3.425700446,5.906060399,5.991394192,3.981482793,8.868491849,6.463184581,6.383417115,5.167457568,4.826907856,6.873153826,7.19226297,4.091716619,5.387949096,7.24021433,6.887411135,5.581617436,6.735949557,8.296047663,6.736762814,5.453024338,6.792477698,3.845235639,6.561685511,5.159982871,8.055636411,3.49433532,7.554559045,3.707575432,9.088816639,6.319101052,7.20773893,6.618255644,7.621901086,4.352419155,5.726046977,4.292108458,6.012995926,3.987658125,8.455184325,8.040845705,5.704146399,4.896692863,4.634515462,4.759750564,4.712352397,7.898265582,6.777892753,6.42212156,4.028343203,5.673311998,5.440823112,6.807994039,6.0271912,7.017261672,5.318274209,7.516225282,7.786668769,8.061468397,4.16019047,6.166532508,6.320742128,7.482135695,5.238567638,5.508719418,8.081341128,4.201472118,3.917631937,6.190411109,5.324478331,4.511838162,8.402838716,6.63221523,5.368204783,6.597491642,9.167561907,3.937962358,5.476744309,11.55597239,6.805800801,8.027429039
"GSM1551313_Normal.CEL",9.231120061,4.860971702,5.291771669,9.117521432,6.392291761,9.390878942,6.345167567,4.599493384,6.44071948,6.787931433,4.966544227,7.136162097,10.05882221,9.789462011,8.337669704,6.714620144,6.750374786,7.857426496,6.737681255,7.369323211,8.267858646,5.829187711,5.503811167,6.354326778,9.626009427,6.732621861,6.315873757,7.761500984,7.209866715,6.982675297,4.486185713,6.531015137,6.281268339,4.771714841,7.246619946,4.682234021,7.702468702,3.883789446,5.84105883,4.849857172,8.047573242,4.263011409,5.420962124,6.507228586,6.406380772,6.922641448,7.44517086,5.833003367,10.44450838,5.409121565,5.265170602,6.186932011,7.397626268,5.667783765,5.111897388,7.372000641,9.26703817,4.471407539,6.511479805,3.501723925,5.943936138,6.017589021,4.024236614,8.962670031,6.022625512,6.228112302,4.208852849,4.716607099,6.979741613,7.34188189,3.866438575,4.934075583,7.586962632,6.680497157,5.64506379,6.788517879,8.426333329,6.152808861,4.721272701,6.951571881,3.928713281,6.746044766,5.631278532,8.124237332,3.636368487,7.644995861,3.582478577,9.258455371,6.349196072,6.712214969,6.493099942,6.940789343,4.954860478,4.428766637,4.038031636,6.318550952,4.25398282,7.941482556,7.930416694,6.437655933,5.536334404,4.741335469,4.620178203,5.048812471,7.382005487,6.478943464,6.399718669,3.895958868,5.604437355,5.569430043,7.206082463,5.960402834,7.341015264,5.411340148,7.345880224,8.110751231,8.187542394,4.002042694,6.351343994,6.401264479,7.297241896,5.738933409,5.704334846,8.413673278,4.312867236,4.10553828,6.098701065,5.110637343,4.675938971,8.664074532,6.955683165,5.411191862,6.959486413,9.101870806,3.862423617,5.978321367,11.706096,6.618316738,8.341783809
"GSM1551314_Normal.CEL",9.746080894,4.495390721,5.130682495,7.296505129,6.970420715,8.951835085,6.385304516,5.252436536,5.80249478,7.126544385,4.990092234,7.148277825,10.20316152,9.631321675,7.836120003,6.862590925,6.76057344,8.266466856,6.997304102,7.029005193,8.26002904,5.633382097,6.244377144,5.919386516,9.646882429,6.320940997,6.564314848,8.084231271,7.305256822,6.997887611,4.074476771,6.876825568,6.507550804,5.136732025,7.345469418,5.023469782,7.702998432,3.890737723,6.359084025,4.617810452,8.243368208,4.672190905,5.656135392,6.08744718,6.135860281,6.721326821,7.479918076,6.208423155,10.73342671,5.337997345,5.495049518,5.990466047,7.753950441,5.905197896,5.317773281,7.098593361,9.354133283,4.459091234,6.742277401,3.542401706,6.557192843,6.051598219,3.901360688,8.628679928,5.713666877,6.347993463,7.190723894,4.67247434,7.007822311,7.493191016,3.74867626,5.037811334,7.284183177,6.842099881,5.508296042,7.168789651,8.221104461,5.60695266,4.984770621,6.721435429,4.080628721,6.931690119,5.08588515,8.060732775,3.457600695,7.405998719,3.505998015,9.549814746,6.361048333,7.406569484,6.462876543,7.28006226,4.168842655,7.772892005,4.021021841,6.833015686,3.936984713,8.127205534,8.034524935,5.942801421,4.990978835,4.38335005,4.837470323,4.730413949,7.913381545,6.632942389,6.170411753,3.790095495,5.694139063,5.748964428,7.096448379,6.053193996,7.075497798,5.294567799,7.465306034,7.924866776,7.865817498,4.647837659,6.412476351,6.432849259,7.661465891,5.953143847,5.075360449,8.315943792,4.247172317,4.031399372,6.192033512,5.282757928,4.434239821,8.564341627,6.390549013,5.372970196,6.700026085,9.335044465,3.852554753,5.793307584,11.52643112,6.513924449,8.397563081
"GSM1551315_Normal.CEL",9.195534421,4.784043506,5.170094011,7.190413855,5.332340712,9.321086347,6.706812221,4.854876909,5.663665881,8.369306616,4.789812369,6.46881243,11.09130914,10.01807476,8.089467269,7.397921062,7.235462897,8.16079917,7.118650186,7.554258508,8.039431974,6.175089143,6.130019588,6.239752021,10.95314731,6.538299927,6.642283534,8.42013722,7.457151548,7.340309188,4.38014662,6.884774151,6.598788677,5.216596842,7.520902619,4.88089567,7.874350129,3.886390564,6.074747688,4.700894383,8.45084305,4.374475172,5.440746979,5.103984828,6.5242311,6.365028178,7.182012527,6.59474148,9.867853415,4.94109656,5.41081977,6.174117674,7.454382766,5.644182796,5.01036597,7.697577467,9.132034251,4.448113232,6.640517486,3.652715332,6.349290849,6.440899898,4.017911269,8.476686102,5.998004839,6.853525748,4.966787427,4.954024923,7.330000666,7.31185565,4.233573355,4.862245237,7.261647794,6.434007542,5.789820008,6.86968009,8.337029541,5.819593652,6.10148416,6.706683725,4.058274907,6.653661902,5.504423723,8.801339344,3.341442471,7.456298248,3.682823173,9.623582839,6.617053977,6.127082273,6.610343755,7.314679659,3.856234635,5.317095951,4.189440059,6.607082205,3.988048552,8.439818661,7.857180684,6.241855205,5.410164152,4.617039668,4.652022674,5.229234082,8.056099496,7.039773616,6.244172984,4.133996455,5.702605841,5.47003144,7.204544971,6.442676517,6.846059463,5.384189186,7.423635703,8.229082598,8.117054996,3.881501226,6.196000526,6.672747693,7.703592289,5.413971379,4.917006448,8.566326553,4.280508394,4.667007368,6.09737989,5.210465405,4.63765211,8.746101023,7.067913529,5.452774982,6.969060839,9.469561885,4.310965809,5.54007942,11.08560367,6.46154897,8.359227076
"GSM1551316_Normal.CEL",8.491811522,5.560694576,5.204213778,7.967905548,7.168620365,9.27164527,6.864022969,4.79985087,6.090370455,5.945842315,4.708010426,7.356230939,10.36338711,9.640650579,7.476467717,6.99960394,8.216503297,7.854082788,6.964515554,7.624964325,8.375143027,5.489254449,6.374768708,6.503304215,9.839363188,5.918667183,6.281845377,8.16841839,7.370767764,7.455614196,4.499433712,6.551830788,6.239734683,5.480561775,7.3548597,5.263282149,7.664623986,4.331093152,6.985946288,4.520583079,8.456654704,4.300694046,5.721355009,6.826734706,6.600680024,7.036149939,7.244533978,6.514698116,10.91321991,4.941272105,5.429947883,6.213584051,7.572606311,6.230996338,4.924121151,7.473554609,9.037187414,4.293552537,6.828288214,3.777259362,6.012958692,6.154125094,4.059039381,9.316645201,6.60468992,6.661957735,6.531584421,4.772696861,7.287108993,7.363417717,3.665334387,4.737638176,7.261684389,6.886157261,5.721561141,6.993563887,8.320691551,7.161618187,5.67009625,6.6702875,4.124235264,6.375366056,4.877172383,8.304023004,3.790318113,7.443412557,3.631701959,9.4504499,6.707117064,7.202101921,6.895047025,7.140632724,4.318757179,5.727479162,4.798701187,6.108596111,4.333197306,8.138784885,8.145484821,6.679737988,5.019246848,4.832791604,4.675073876,4.820311906,8.195404891,6.806071803,6.873309532,4.14864201,5.858087046,5.660573567,6.891163209,6.216432815,7.013209515,5.560603627,8.144613559,8.094383141,8.026305796,4.703854636,6.138488979,7.043273395,7.473021166,4.515007631,5.443038996,8.48193881,4.448462237,4.358605937,6.098570968,5.727491977,5.443325259,8.446671634,6.785571208,5.252134356,6.687679791,9.139844647,4.043171129,5.540475965,9.221702574,6.573354857,8.497444604
"GSM1551317_Normal.CEL",9.375058104,4.832719853,5.348312607,7.798891955,6.308512484,9.124537848,6.451436586,4.860932941,5.993546465,5.968978277,4.923574747,6.05245339,10.757073,9.75275195,7.994202141,6.785232523,7.108553843,7.861343405,6.747570933,7.300067818,7.895792179,5.72384887,6.442145559,5.994100022,9.769407179,6.405516134,6.522644442,8.181475884,7.388526886,7.09330759,4.125479681,6.627401444,6.417203995,4.808342058,7.007192176,4.778149678,7.914941697,3.788530897,6.191599431,4.87303135,8.364137531,4.476822969,5.670228021,5.586770224,6.245333336,6.298964246,7.258926496,6.656280999,10.39273146,6.185149927,5.595494718,5.902830704,7.05622864,5.700880646,5.382338356,7.48152321,9.406571191,5.005638471,6.496229047,3.551284949,5.591110524,6.101503626,3.89851342,8.117023271,6.459094491,6.381143191,5.217785163,4.748440869,6.68308641,7.249410102,3.997050341,5.315218539,7.506162715,7.029028765,5.646435339,6.428152311,8.61331945,6.3490913,5.427107617,6.906456362,3.846049034,7.510560167,5.068743156,8.119041648,3.490942404,7.319503811,3.556024568,9.347261053,6.449610111,6.651382966,6.570897158,7.904984682,3.925834135,4.299941673,4.333689397,6.530218039,3.919256883,8.760075956,7.900915816,6.095858843,5.243569212,4.469264484,4.682217863,4.881089631,8.106507109,7.240371308,6.297112262,4.055665036,5.799211213,5.65790989,6.870461639,6.45297781,7.210905814,5.345134071,7.500910215,8.010727998,8.044906093,4.313757717,5.995428223,6.449610111,7.221669013,5.196651357,5.04110394,8.368021731,4.216951772,4.07124108,6.340882724,5.143466985,4.544628816,8.353582474,6.324319795,5.546778639,6.714242313,9.421558127,3.806895672,5.651379816,11.14038394,6.571417356,8.326252933
"GSM1551318_Normal.CEL",9.322597279,4.632387651,5.232526574,8.487091584,7.03774981,8.836466942,6.404836886,4.643260624,6.737465179,9.421930943,4.62840695,7.650200893,9.864815178,9.287170868,8.056608702,6.826497822,7.817896878,7.575247007,6.08872659,6.474305993,8.437818992,5.295145898,5.990245998,5.918463018,9.689927705,6.571050237,6.561882126,8.004840542,6.782713956,6.556153819,4.150355884,6.375963232,5.650203347,4.53919117,6.542213179,4.900388611,7.293497072,3.773030887,5.539084082,4.734114263,7.771030921,4.151200031,5.777540811,5.889033843,5.850245774,6.973004839,6.896167763,6.042012159,10.32762346,4.756744188,5.556579804,5.755983842,7.040407817,5.413645791,4.682421286,6.885726283,9.047553814,5.316050412,6.608132318,3.566207086,6.40636681,6.080793733,4.043796217,8.521642519,6.057789035,6.227300503,5.205119361,4.441507657,7.167649933,7.578663273,4.209613776,4.692537546,7.006239607,7.581079177,5.144669808,6.773137261,7.817655561,6.084425118,4.920332146,6.649235754,3.678033966,7.718141833,4.986449088,7.992301843,3.59881529,7.200137459,3.617434656,8.683032209,6.377969753,7.455158699,6.38517967,7.002543114,4.580735156,6.354326778,4.412038907,6.629332056,4.12082691,7.815268269,7.428581984,5.620834274,5.002603317,4.327723924,4.470530645,5.248591793,7.336158124,7.429926766,6.090293258,3.710069315,5.723080385,5.250456043,6.299813456,5.975383998,6.832390859,4.914162685,7.478234723,7.796760068,7.637801255,3.976259907,5.886389096,6.474828098,7.371731682,4.790227196,5.138200231,7.898976009,4.16724822,3.83747987,5.945992354,4.965560581,4.426423863,8.346177889,7.127084179,5.110255222,6.71200314,8.819532433,3.913389928,4.880498298,11.05161208,6.085334302,8.183042939
"GSM1551319_Normal.CEL",9.112855164,4.585369149,4.951251166,8.650852924,6.693000066,8.985392127,6.567954997,4.81747983,7.644830821,7.03350807,4.662980645,7.246683783,10.07932302,9.412486689,7.264873039,6.88026161,7.349846923,6.996976488,6.518879539,6.470425696,8.221880556,5.24171505,10.3625307,5.871855769,9.415447536,6.549263467,6.241818828,8.516543103,7.009357091,6.453169814,3.946354068,6.495130719,6.406540169,4.381315928,6.619822519,5.224640947,7.569368732,3.764094861,5.951527619,4.808540366,7.715680338,4.121612247,5.488919868,5.732744296,8.525771713,6.552498158,6.608393671,6.66901668,10.76372143,4.662455481,6.577646554,5.872250207,7.175788773,5.488799514,5.113877444,6.890877153,8.991244297,6.287678619,6.567994553,3.505153395,5.308487655,5.865681035,3.959705974,8.201892946,6.878021626,5.882738133,4.890823059,4.964857351,7.101370923,7.795247043,7.027139874,4.547822185,7.056150872,6.392539923,5.153385072,6.341248596,7.954474226,6.676616273,5.392673061,6.601594474,3.656574973,7.26215557,4.58899911,7.644633308,3.491426873,6.806949741,3.619506909,8.87843522,6.208762415,8.032850681,6.382412184,6.863801478,4.394699111,5.343171319,4.103593453,5.938809752,3.744343611,7.218761276,7.49989497,5.577692348,4.508280429,4.531915187,4.687865399,4.956932387,7.332642358,7.317306885,6.19514253,3.623380437,5.269925518,5.373411145,6.400378265,5.653594836,6.762910718,4.994899657,7.567169072,7.531908724,7.311624328,3.766826797,6.697840077,6.499165283,6.940305136,4.764597613,5.244949533,7.817952811,4.005045791,4.015084863,5.916307603,4.907738546,4.588340577,8.09157699,7.497964497,5.096122096,6.867115863,9.018240869,4.039098532,5.536153151,10.24130407,5.89296931,7.758984488
"GSM1551320_Normal.CEL",9.702433425,4.5110187,5.233635908,8.661656215,6.530835627,8.998786144,6.219319964,5.543315134,6.266236656,8.312571385,4.787519305,7.82920451,9.594194944,9.331836682,7.560560524,6.685514884,7.70022763,7.544799618,6.309063891,6.560432527,8.687166821,5.299736429,6.024326551,5.741451185,9.69522024,6.950921914,6.637183136,8.11867792,7.119862637,7.171851121,4.113708974,6.500103487,6.238606817,4.43897231,6.597302999,4.909001403,7.782747736,3.828606937,5.85108279,4.653068704,7.810963334,3.979924791,5.0244069,6.474115034,5.97925505,6.768687791,7.151701149,5.98854894,10.72147095,5.272192041,5.646985866,5.963001661,7.023191776,5.391780365,5.038020634,7.023674744,9.592368252,5.290811873,6.566198723,3.388989822,5.514131989,5.881042845,4.043569273,8.351033852,6.657973592,6.300435525,5.69495891,4.708102084,6.748595549,7.228750382,4.220665205,4.924458002,6.857738766,7.339505267,5.554034651,6.357502451,8.006480511,6.422733411,5.131043441,7.156636233,3.797309049,6.734230262,4.833761943,7.702951138,3.449840329,7.203441626,3.670056313,8.613528106,6.352823051,7.481455811,6.519433381,7.321654687,4.960753207,7.848987966,4.160346939,6.101111312,4.73839339,8.441851244,7.852785148,5.890358871,5.307841463,4.421358456,4.334446303,4.846989594,7.32238568,6.676347795,6.010495799,3.894543006,5.540232111,5.313523444,6.797443432,6.124163624,6.748595549,5.157677933,7.567400427,7.865578201,7.762164225,4.171122972,6.082215777,6.608280406,7.076425024,5.014484708,5.294436867,8.104130732,4.370605062,3.974892602,6.032078007,5.208481853,4.539620969,8.245632352,7.526749075,5.01636919,6.632300181,9.070109761,4.183166104,5.18270596,11.70582326,6.155393593,8.265728754
"GSM1551411_Cancer.CEL",8.51952455,4.592994319,5.026831713,8.987698964,6.479230351,8.498347004,6.458871083,4.762170278,6.473386739,6.358387861,4.494040441,8.025586806,9.928232163,9.557787145,8.362370961,6.624959752,7.49241243,7.579229335,6.763723843,7.497523683,8.397908354,5.429922739,6.396690559,5.633034319,9.746165822,6.446077914,5.775790335,8.085968196,7.113461115,6.60896218,4.490864603,6.732205295,5.816672467,4.615056641,6.433204984,4.793540315,7.519491784,3.540903263,5.676262262,4.940607626,7.878961608,4.483425431,5.718591864,6.943014865,6.427787278,6.318761618,6.587489401,7.327876684,10.83954623,4.664678637,5.510187198,5.890771328,7.273685856,5.740670736,4.751083418,6.904640555,8.174136026,5.701373606,6.585894809,3.411599181,5.258995612,6.048413043,4.076807377,7.3975665,6.370558643,6.334718406,4.353009646,4.655964238,6.627956321,7.375233451,4.539168469,4.374316203,7.629561555,7.148820752,5.305024742,6.296655374,8.09861495,6.825311117,5.38086244,6.632434292,3.809938306,7.319503811,4.823210865,7.900572919,3.369228071,8.266047451,3.577579066,8.785851504,6.132238976,9.426659865,6.596732032,8.557050677,4.292023862,6.029936392,4.260768239,6.43006638,3.881253123,7.656104217,7.22313912,5.737515379,4.695515216,4.446251335,4.404173006,5.0619887,7.627793223,6.831310675,6.010716029,3.904988712,5.511069265,5.518501594,6.726122595,6.781682712,6.653888154,4.863273226,7.36420462,7.880055768,7.192287791,3.61570383,6.620681641,6.215348573,6.816724549,5.177629406,5.016670146,8.186606203,4.20180637,4.00404405,5.786831254,4.918073875,4.201319256,8.06878782,6.669194141,5.028757169,6.566999134,8.900641682,3.83974329,5.530683326,9.963176106,5.804268147,8.126836295
"GSM1551412_Cancer.CEL",8.971614098,4.874030432,5.082568955,8.051904234,6.721193888,9.263798753,6.560808465,4.717305641,6.576861563,6.868888359,4.786386545,6.493358374,9.955457697,9.423556481,8.072670016,6.803663508,7.301222647,7.709492824,6.700263052,6.758436481,7.818553391,5.543753769,7.164625878,5.909625134,9.265619587,6.644347528,6.017836928,7.7508418,7.036903002,6.748060035,4.596547591,6.721258432,5.989120878,4.761628208,7.014050096,4.693321544,7.537116443,3.652214745,5.718870102,4.916666354,8.270467403,4.032364979,5.66562653,5.688969949,6.367983949,6.254113747,7.172687487,6.338630817,9.840611425,5.027431864,5.337202844,5.785574867,7.609234342,5.541633981,5.21219347,7.173535636,8.89682107,5.928816179,6.545134044,3.550209474,6.5585198,5.839964963,4.050834917,7.795613591,6.839311811,6.389661626,4.648625852,4.61404194,6.639541113,7.433754185,4.85194716,4.572298241,7.085160917,6.834237633,5.211760641,6.355374032,8.077479439,7.125367117,6.048388396,6.516195888,3.956477277,6.70146492,5.057994737,7.997249966,3.417602336,7.016946611,3.62192932,8.89658394,6.393553652,7.201096777,6.525299462,7.027775917,3.772877861,5.132008673,4.167589219,6.284649912,4.102659202,7.923798144,7.122704177,5.529003952,4.920060413,4.76107083,4.504704123,5.522312818,7.814065507,6.801213754,6.075500659,4.117419607,5.391394035,5.504872292,6.85038695,6.074320376,6.974551814,5.135204851,7.720110501,7.678507646,7.568293513,4.070627792,6.606473118,6.518452876,7.482607733,5.458461673,5.129240283,8.155125445,4.218915852,3.924175111,5.891993555,5.186960863,4.583131588,8.265698211,6.793852027,5.243044305,6.77560749,9.161721747,3.84828861,5.532325359,10.93248245,6.257290276,7.863179494
"GSM1551413_Cancer.CEL",10.02880397,4.99509025,5.50522454,8.244283001,6.540929145,9.363149891,5.894752695,4.93680423,6.35313806,8.257812702,4.915263323,6.716005079,10.03646448,9.536453481,8.620198918,6.846396169,7.35840448,8.392881404,6.728043694,7.361735522,8.165589003,5.852460623,6.151586553,6.292634793,9.548101266,6.132297154,6.414071959,7.925335371,7.235345352,7.245354227,5.110635669,7.005505682,6.402792651,4.885975657,7.05515553,4.913186272,8.211534015,3.760866043,6.129982955,4.834889773,8.225852915,4.713337224,5.317625856,6.054281881,6.455359816,6.916657698,7.407321749,7.188852583,10.05664903,4.995955178,5.81862583,6.028669778,7.662082818,5.95653817,5.184547682,7.586751185,8.922820573,4.596736549,6.622319419,3.471631959,7.260084545,5.926138026,3.867730318,8.153789343,5.164962541,6.393913505,4.553107853,4.817972853,6.808804493,7.463856623,5.673540316,5.19084947,7.722555335,5.340036757,5.531760306,7.084855103,8.584097672,6.151115839,5.373003922,7.100851323,3.909416659,7.129664564,5.135434611,8.439781159,3.482490112,6.825217577,3.706022751,9.24078509,6.830126698,5.678047282,6.563434259,7.68018093,3.783257478,6.014651877,4.055584936,7.0857727,3.909504494,8.120902992,7.548163745,5.884038922,4.99143639,4.812054806,4.549103245,5.194055245,7.806067214,7.150338447,6.513960592,4.184780351,5.361401982,5.372335037,7.273015187,6.140063111,7.127114142,5.575263625,8.041842593,8.169431022,7.448937191,4.117417929,5.778137757,6.685201184,8.011028878,5.435314853,5.241269697,8.360689207,4.28458913,4.087468184,6.105281165,5.54368277,4.906651267,8.485047457,6.160871707,5.292614846,7.150893884,9.34775582,4.1149105,5.824901952,10.9725906,6.487165606,8.153140735
"GSM1551414_Cancer.CEL",8.995457697,4.892392341,5.087318119,7.963118418,6.009579559,9.15947614,6.885997629,4.649426879,6.20285045,8.332309532,4.62840695,6.48843417,10.13141683,9.696203772,8.199879389,7.059481646,7.389337315,7.722794257,6.855378471,7.252341264,8.065148713,5.659845913,6.460840143,5.777567414,10.05208661,7.920119222,6.0576012,8.095173007,7.276335528,6.968377792,4.721559472,6.65891045,6.477431253,4.995246061,7.102480558,4.864260208,7.730576675,3.504784522,5.868019415,4.601139684,8.042515562,4.197477999,6.065223381,5.595540702,6.167863443,6.499727354,6.924579452,8.068624861,9.392103871,4.826472461,5.601480138,5.871463256,7.646017517,5.573564655,4.931802742,7.300910721,8.244728863,5.532589471,6.768288471,3.476105623,5.895891203,6.087828274,4.037009849,8.02573902,6.641462321,6.4519405,4.598947005,4.973515165,6.839643386,7.460058971,4.317294694,4.556523949,7.455834573,6.444656068,5.370599152,6.751724221,7.989493756,6.819720784,6.227482643,6.58436325,3.924533643,7.371087668,4.789695697,8.189317375,3.401579774,6.911239219,3.631701959,8.916956627,6.619997062,7.972810075,6.813133285,7.547869283,4.121614128,5.175096399,4.540144066,6.31142343,4.03239451,8.214788552,7.408517827,6.031468669,5.071995761,4.913466831,4.567512122,5.12987752,8.116897415,6.860456187,6.413845672,4.042882401,5.448513998,5.440268318,6.757277252,5.915764745,6.81181309,5.10080782,7.367810408,8.137864867,7.391651766,3.879845938,6.330940397,6.552979339,7.598522006,4.833892443,5.195932976,8.322919815,4.248576488,4.088154584,5.820659114,5.03480753,4.665843453,8.27803224,7.155154447,5.456148167,6.654764495,9.2348893,4.057764567,5.566561607,9.988679535,6.150803854,8.128489371
"GSM1551415_Cancer.CEL",8.822174654,4.978971595,5.10609632,6.539583405,6.740502429,8.879156562,6.271903774,5.539975402,5.872702716,6.668399294,4.906684484,8.010796529,10.28999273,9.581600382,7.37261002,6.914654279,8.478560591,7.703023584,7.11162059,7.07756261,8.332734415,5.903541226,6.388455647,6.019365282,9.571385349,6.64718287,6.512552676,8.022206813,7.462367782,7.035509363,5.393548469,6.930119037,6.808698999,7.753070931,6.923566427,4.85194716,7.771391282,3.820854007,6.090713992,4.955599502,8.408076775,4.489750788,5.552873754,6.867086966,6.158542206,6.641089475,7.457955434,6.424656596,10.14173106,6.850159391,5.592020547,5.814166332,7.41522754,5.937406875,5.205461617,7.667679607,9.202220026,4.780475631,6.692657018,3.672190399,5.802662576,6.179627186,4.041686777,9.099538206,6.296473682,6.499040461,4.49094478,5.034872685,7.026860815,7.554696461,4.315682505,5.009062956,7.231842331,6.891973706,5.463651938,6.819571033,8.366927573,7.178883874,5.49714903,7.231445987,4.07210791,6.669961784,5.193792808,8.264086998,3.401917675,7.132015249,3.619669919,9.153631056,6.531298116,9.972130526,6.484989487,6.850313958,4.383557697,10.22852145,4.718811654,5.841553422,3.976216916,8.189297138,7.616324284,5.819472539,5.262894653,5.300208045,4.494219363,4.517594588,8.03164179,7.155215749,6.332268243,3.993656379,5.732360309,5.703431988,7.317936663,5.993334253,7.020289527,5.66355921,7.6488697,8.14653015,8.05808996,3.921018783,6.324686729,7.070257659,7.60495002,5.361053551,5.303586052,8.253229871,4.304845143,4.099053557,6.157001237,5.479045963,4.789537421,8.573654004,6.012775681,5.307794026,6.787870598,9.225736531,4.175555375,5.729726376,11.04899936,6.550606969,8.195532227
"GSM1551416_Cancer.CEL",8.630072107,4.861585139,5.149144552,8.512438327,7.293552641,9.107932899,6.443561839,4.654924305,6.132728655,6.867353095,4.936509241,6.879148967,10.31866681,9.685604183,7.803385582,6.956017061,7.248925345,7.681048329,6.956930194,7.232323381,9.409303427,6.06266076,6.322249707,6.038508027,9.973150921,6.778433797,6.357988298,8.212063813,7.575953325,7.216306,4.016034268,6.698677924,6.427287548,5.307516031,7.285773492,4.86263898,7.685908249,3.722834433,5.938953813,4.972465672,8.259753916,4.289254338,5.539724208,6.519501602,6.326389702,6.389107115,6.929327426,6.304262872,10.45054685,4.808079261,5.506739574,5.931634213,7.578082481,5.638487324,5.140105415,7.388677783,9.362886122,5.463262128,6.619417648,3.677425651,4.605495798,6.225154674,3.942057589,7.659883722,6.546446309,6.602355455,4.343758197,5.074626531,6.706049453,7.396033338,3.880155973,4.793932379,7.69156112,6.422246998,5.456111932,6.933121187,8.661222949,7.423551782,5.126567511,7.672977346,4.007188586,6.093265777,4.975238487,8.180459793,3.493826385,7.327063695,3.54250133,9.32646704,6.503834948,9.44203265,6.335604418,8.019805257,4.320558185,4.444671266,4.140791596,6.377772263,3.939896707,8.384260734,8.170676046,5.93629827,5.223780681,5.007772322,4.577429738,4.670805965,7.940942536,6.977990968,6.332236335,3.978563629,5.895764518,5.679097795,6.991458202,6.890192306,7.10491706,5.120596257,7.605205806,7.91409697,7.841764372,3.813787076,6.877148292,6.563864639,7.091432087,5.804159233,5.034042022,7.925159548,4.255126673,4.22874844,6.21695002,5.394772717,4.558629707,8.396676211,6.460586139,5.359567043,6.739580397,9.249171648,3.974259748,5.510242566,10.82481693,6.465147342,8.170238336
"GSM1551417_Cancer.CEL",10.51025413,4.44652018,5.308167031,9.740136125,7.699460604,8.152360147,7.517827716,4.286125397,7.204739107,9.315583715,4.518732055,8.545654163,9.236791356,8.961442196,8.172410351,6.430532086,8.056826579,7.327886185,5.871541767,5.649468211,8.991953574,5.28453358,7.429122217,5.57879527,8.848349375,7.21831695,6.327738256,7.060029013,6.559985209,6.135407688,5.975994251,6.452491561,5.467423325,4.434920788,6.110070528,4.84303444,7.152094475,3.625447664,5.462854686,5.224591839,7.434020435,3.83391235,5.715690966,7.202839065,6.534377249,6.081481582,6.774507445,7.689907168,11.25337794,5.385156057,5.68650488,5.535676191,6.921364662,5.420774812,4.922773304,6.790832501,8.370922124,6.014701512,6.568206052,3.524813617,8.30461439,5.627674386,3.92540933,8.179530459,7.214976298,5.452834387,4.997026857,4.760930871,7.250920929,7.468514175,6.237047126,4.814047028,7.399073615,7.075268286,4.990981917,5.533088348,7.844623081,6.990204028,6.939283468,6.635561241,3.740970748,6.497945353,4.648346662,6.999687295,3.571919745,6.535659854,3.619625097,8.492691969,6.603934643,8.495395862,6.50305872,7.25886291,3.924440527,6.246174195,4.617985966,7.014113072,4.082897203,7.068424584,7.486937566,6.451179598,4.649151696,4.630496869,4.386347572,6.208303263,6.908223246,6.989651801,6.029971898,4.136742058,5.364195665,5.099222862,6.320775624,8.223076916,6.711737692,4.660195443,7.651579103,7.121096279,7.251155533,4.16244605,7.660168759,5.990466047,8.152463912,5.340830991,5.933046469,7.841459123,3.865610136,3.636561079,5.794996582,4.803679984,4.372158204,7.559255262,7.999529321,4.77757804,5.98099402,8.491210084,4.541151377,5.095912628,9.681203268,5.804818064,7.386639539
"GSM1551418_Cancer.CEL",10.80772838,4.949183569,5.132255518,10.82686079,6.505614311,8.462131098,7.438392285,4.376436829,7.204106545,9.242929557,4.475501779,8.283813546,9.439493056,9.54508144,7.890819134,6.587432053,8.182341852,7.328484587,6.290057126,6.449142984,8.218371167,5.251446184,9.19499227,5.64698766,9.029077823,6.614075468,6.938435097,8.409483523,6.794430481,6.662986735,4.728683337,6.495130719,6.598196402,4.376676894,6.572365597,5.170619771,7.636532729,3.615813532,5.732934761,5.387830658,7.664582977,4.195572075,5.443593614,6.838467023,8.471565534,6.047516799,7.095581952,6.434379452,10.83426743,4.873220102,6.030900595,5.779698296,7.113621721,4.908046869,5.065409965,7.047379401,9.19674348,5.576931535,6.584865394,3.650157185,6.72859812,5.972795518,4.003984452,7.196322039,5.738889378,6.007795166,5.293351501,4.857930769,6.789674788,7.728377897,8.185466808,4.421458946,7.913454075,6.430825386,5.158456471,6.347745922,8.437050102,6.350192533,4.67912147,6.512884718,3.761927758,7.725975017,4.820609274,7.76715355,3.461398222,6.448636665,3.65193034,8.714361358,6.537074453,7.877785117,6.708956042,7.797106518,4.05038769,4.711524688,4.467098372,5.409492792,3.931699003,7.371857768,7.824371303,5.828628871,4.677619801,4.638131757,4.518163377,5.305534987,7.039085706,7.536968053,6.371733211,3.828576613,5.337318741,5.472577817,6.258824166,7.445174762,6.394693886,4.946959223,7.022859949,7.545398752,6.977818892,3.80853489,6.565575481,6.639578392,8.01181717,4.270976144,5.758281057,8.344952568,4.682241627,4.167115776,6.008581186,4.903720104,4.703170925,7.868600214,7.212829842,4.837482862,6.309257383,8.820879929,3.944256694,5.195495252,9.991252053,5.956453996,7.388912338
"GSM1551419_Cancer.CEL",9.944188281,5.169928019,5.456179255,9.220646088,6.565115173,8.84451098,6.485397849,4.784388629,6.833585432,7.342883404,4.661912692,7.10244878,9.510663535,9.659339963,8.63976085,7.430359383,6.994797821,7.439281465,6.946528333,8.36054483,8.736990064,5.538094345,7.022185333,5.747443188,9.186864821,5.970266236,6.338110081,8.509236564,7.11741818,6.233689873,5.54228011,6.592869572,6.442063162,4.600999496,6.860901444,4.951127567,7.217784723,3.749096685,5.777410318,4.951692072,7.675658951,3.872772066,5.246549528,10.69016015,6.260993161,6.380714915,6.818128111,6.698677383,9.099037718,4.891557351,5.996596761,6.020001386,7.931687232,6.006124595,5.106938622,7.28387304,9.676885885,4.716431169,6.354949501,3.77420658,4.667284414,6.039739839,4.106468644,7.147429995,5.987196389,6.648005789,4.818282087,5.145835228,6.785557065,7.8226456,8.15742451,5.263831438,8.218197034,5.814135296,5.378600289,7.104368281,8.943864843,6.157390875,5.105664362,6.437368319,4.048896213,7.963464873,5.051958662,7.895775155,3.419208698,6.653987191,3.588336392,8.849386819,6.944856482,7.059314838,7.466136913,8.507067493,5.481987598,4.397208846,4.442812496,5.59559958,3.885483606,8.008884696,8.10291739,5.606520436,4.705646992,4.687901568,4.439318495,5.101713333,7.524465722,7.16916458,6.198967624,4.039750207,5.565711621,5.815933339,6.723485786,6.811397592,6.968581187,5.134008529,7.937019797,7.511773148,6.904892974,3.939953334,5.731834219,6.664205036,7.013260597,4.331721125,5.401743134,8.015356092,4.177767507,4.160282676,6.571117375,5.118133213,4.921400866,8.107569919,7.230680193,5.089282159,6.816809771,8.622807619,4.230118614,5.519014741,10.80949044,5.768328304,8.150769125
"GSM1551420_Cancer.CEL",8.228069352,4.797564077,5.077327263,9.617480529,8.096649916,8.150800492,7.43895305,5.011293247,6.665980088,6.629433168,5.014594417,7.415627203,9.039047517,9.184746505,8.202051414,6.629113843,7.282572542,7.237743861,6.621791461,7.708947352,10.40987089,5.636512297,6.485333496,5.743843684,9.28486404,6.255565972,5.905822457,7.888200174,7.348307742,6.407210943,4.487834319,6.200413126,5.973689705,4.962483573,6.736520649,4.858806691,6.880831533,3.937687058,5.652335949,5.206473767,8.016309283,4.198772454,5.377113026,5.671318771,6.273344063,6.772645089,6.854617871,7.441234714,10.81083982,5.183337568,5.501260402,5.965366732,7.860724908,5.354704727,4.847614851,6.608302961,8.40435693,4.976868062,6.587181212,3.876496428,6.302063254,6.05321718,4.226692938,8.119939424,7.586276971,6.009394165,4.904755911,5.121040668,6.97928645,8.059758848,4.108070785,4.764394599,7.188823847,8.356116214,5.369802762,7.173677893,8.756197851,7.979627304,4.948885392,6.177391151,4.351570526,6.031586514,4.942761934,7.605560688,3.892438335,6.746324071,3.561027966,8.460090186,6.448498931,8.221102468,6.261523967,6.436438332,5.893616728,5.751808862,4.322804258,6.327489127,4.042763816,7.760020837,7.86490499,5.534204302,4.783021686,4.505297621,5.151578601,5.047949072,7.829133057,6.509193651,6.122465124,3.943014139,5.594216822,5.692130309,6.369415448,6.085066637,6.893242929,4.975429563,8.061931123,7.763789087,7.043421896,4.307806852,6.252141056,6.767131584,7.044807628,4.067258474,5.961842126,7.767661137,4.914703962,4.058557096,6.124171234,5.183023861,4.694396833,7.989033204,7.224826381,5.119929331,7.201501224,8.651994663,4.067354487,5.635450216,8.707899918,6.191787652,8.408799815
